<?xml version="1.0" encoding="UTF-8"?>
<project-private xmlns="http://www.netbeans.org/ns/project-private/1">
    <editor-bookmarks xmlns="http://www.netbeans.org/ns/editor-bookmarks/2" lastBookmarkId="0"/>
    <open-files xmlns="http://www.netbeans.org/ns/projectui-open-files/2">
        <group>
            <file>file:/C:/Users/james/Documents/NetBeansProjects/Final%20Project/src/pkgfinal/project/Pokemon.java</file>
            <file>file:/C:/Users/james/Documents/NetBeansProjects/Final%20Project/src/pkgfinal/project/FinalProject.java</file>
            <file>file:/C:/Users/james/Documents/NetBeansProjects/Final%20Project/src/pkgfinal/project/Venusaur.java</file>
            <file>file:/C:/Users/james/Documents/NetBeansProjects/Final%20Project/src/pkgfinal/project/Blastoise.java</file>
            <file>file:/C:/Users/james/Documents/NetBeansProjects/Final%20Project/src/pkgfinal/project/Charizard.java</file>
        </group>
    </open-files>
</project-private>
